TaskLabel,n,mean_points,p2plus,p0,mean_shot_points
Draw,430,1.669767441860465,0.5023255813953489,0.20930232558139536,3.1930232558139533
Guard,68,1.1764705882352942,0.3382352941176471,0.25,3.4411764705882355
Wick/Soft peel,49,1.816326530612245,0.40816326530612246,0.20408163265306123,2.061224489795918
Raise/Tap-back,42,1.8333333333333333,0.42857142857142855,0.11904761904761904,3.261904761904762
Front,3,1.0,0.3333333333333333,0.3333333333333333,3.6666666666666665
Clearing,2,1.0,0.0,0.0,2.0
Take-out,2,5.5,1.0,0.0,1.5
Freeze,1,1.0,0.0,0.0,3.0
Through,1,1.0,0.0,0.0,9.0
