TaskLabel,n,mean_points,p0,p1,p2plus,p3plus
Draw,430,1.669767441860465,0.20930232558139536,0.28837209302325584,0.5023255813953489,0.23488372093023255
Guard,68,1.1764705882352942,0.25,0.4117647058823529,0.3382352941176471,0.08823529411764706
Wick/Soft peel,49,1.816326530612245,0.20408163265306123,0.3877551020408163,0.40816326530612246,0.20408163265306123
Raise/Tap-back,42,1.8333333333333333,0.11904761904761904,0.4523809523809524,0.42857142857142855,0.19047619047619047
Front,3,1.0,0.3333333333333333,0.3333333333333333,0.3333333333333333,0.0
Clearing,2,1.0,0.0,1.0,0.0,0.0
Take-out,2,5.5,0.0,0.0,1.0,0.5
Freeze,1,1.0,0.0,1.0,0.0,0.0
Through,1,1.0,0.0,1.0,0.0,0.0
